Name, Email, Timestamp, Grade, Feedback
Haneum Cha,hc64@calvin.edu,2010-10-10,,
Emily Costa,eac33@calvin.edu,2011-11-11,,
Victor Norman,vtn2@calvin.edu,2012-12-12,,
Prince Padi,pnp3@calvin.edu,2013-01-13,,
Michael Sisko,mjs96@calvin.edu,2014-01-14,,
student10 student10,student10@bobeldyk.us,2015-01-15,,
student11 student11,student11@bobeldyk.us,2016-03-05,,
student12 student12,nobody@calvin.edu,2049-09-30,,
student13 student13,nobody@calvin.edu,2099-12-24,,
student14 student14,student14@bobeldyk.us,2040-04-04,,
student15 student15,student15@bobeldyk.us,2033-03-03,,
student16 student16,nobody@calvin.edu,2077-04-25,,
student17 student17,rob@bobeldyk.us,2039-06-21,,
student18 student18,nobody@calvin.edu,2023-02-29,,
